{"cameraMode":{"drawMode":0,"name":"Shaded","section":"Shading Mode"},"sceneLighting":true,"audioPlay":false,"sceneViewState":{"m_AlwaysRefresh":false,"showFog":true,"showSkybox":true,"showFlares":true,"showImageEffects":true,"showParticleSystems":true,"showVisualEffectGraphs":true,"m_FxEnabled":true},"in2DMode":false,"pivot":{"x":-3.699233055114746,"y":-0.39796704053878786,"z":8.652480125427246},"rotation":{"x":-0.05335504561662674,"y":-0.034763921052217486,"z":0.0018414821242913604,"w":-0.9980157613754273},"size":12.12435531616211,"orthographic":false}