{"cameraMode":{"drawMode":0,"name":"Shaded","section":"Shading Mode"},"sceneLighting":true,"audioPlay":false,"sceneViewState":{"m_AlwaysRefresh":false,"showFog":true,"showSkybox":true,"showFlares":true,"showImageEffects":true,"showParticleSystems":true,"showVisualEffectGraphs":true,"m_FxEnabled":true},"in2DMode":false,"pivot":{"x":547.2982177734375,"y":240.17701721191407,"z":586.8885498046875},"rotation":{"x":0.028495848178863527,"y":-0.0044981567189097408,"z":0.00012823223369196057,"w":0.9995836615562439},"size":307.3623962402344,"orthographic":true}